filename,name,bank,category,status
hakodate.png,函館けいりん,400m,400,通常
aomori.png,青森けいりん,400m,400,通常
iwakitaira.png,いわき平けいりん,400m,400,通常
yahiko.png,弥彦けいりん,400m,400,通常
maebashi.png,前橋けいりん,335m,DOME,通常
toride.png,取手けいりん,400m,400,通常
utsunomiya.png,宇都宮けいりん,500m,500,通常
omiya.png,大宮けいりん,500m,500,通常
seibuen.png,西武園けいりん,400m,400,通常
keiokaku.png,京王閣けいりん,400m,400,通常
tachikawa.png,立川けいりん,400m,400,通常
matsudo.png,松戸けいりん,333m,333,通常
kawasaki.png,川崎けいりん,400m,400,通常
hiratsuka.png,平塚けいりん,400m,400,通常
odawara.png,小田原けいりん,333m,333,通常
ito.png,伊東温泉けいりん,333m,333,通常
shizuoka.png,静岡けいりん,400m,400,通常
pist6.png,PIST6けいりん,250m 木製,PIST6,通常
nagoya.png,名古屋けいりん,400m,400,通常
gifu.png,岐阜けいりん,400m,400,通常
ogaki.png,大垣けいりん,400m,400,通常
toyohashi.png,豊橋けいりん,400m,400,通常
toyama.png,富山けいりん,333m,333,通常
matsusaka.png,松阪けいりん,400m,400,通常
yokkaichi.png,四日市けいりん,400m,400,通常
fukui.png,福井けいりん,400m,400,休止中
nara.png,奈良けいりん,333m,333,通常
mukomachi.png,京都向日町けいりん,400m,400,休止中
wakayama.png,和歌山けいりん,400m,400,通常
kishiwada.png,岸和田けいりん,400m,400,通常
tamano.png,玉野けいりん,400m,400,通常
hiroshima.png,広島けいりん,400m,400,通常
hofu.png,防府けいりん,333m,333,通常
takamatsu.png,高松けいりん,400m,400,休止中
komatsushima.png,小松島けいりん,400m,400,通常
kochi.png,高知けいりん,500m,500,通常
matsuyama.png,松山けいりん,400m,400,通常
kokura.png,小倉けいりん,400m,DOME,通常
kurume.png,久留米けいりん,400m,400,通常
takeo.png,武雄けいりん,400m,400,通常
sasebo.png,佐世保けいりん,400m,400,通常
beppu.png,別府けいりん,400m,400,通常
kumamoto.png,熊本けいりん,400m,400,通常